downtime_id,machine_id,start_time,end_time,downtime_minutes,downtime_reason,planned_unplanned,downtime_hours,start_date,start_year,start_month,start_month_name,start_year_month,is_unplanned
DT-1001,MCH-130,2026-05-12 11:55:02,2026-05-12 16:45:02,290,Preventive maintenance,Planned,3.2222222222222223,2026-05-12,2026,5,May,2026-05,False
DT-1002,MCH-122,2026-01-02 02:50:18,2026-01-02 04:06:18,76,Sensor fault,Unplanned,0.8444444444444444,2026-01-02,2026,1,January,2026-01,True
DT-1003,MCH-130,2026-01-02 16:21:39,2026-01-02 17:39:39,78,Mechanical failure,Unplanned,0.8666666666666667,2026-01-02,2026,1,January,2026-01,True
DT-1004,MCH-102,2026-01-24 00:44:13,2026-01-24 01:04:13,20,Sensor fault,Unplanned,0.2222222222222222,2026-01-24,2026,1,January,2026-01,True
DT-1005,MCH-111,2026-01-14 03:57:39,2026-01-14 06:29:39,152,Mechanical failure,Unplanned,1.6888888888888889,2026-01-14,2026,1,January,2026-01,True
DT-1006,MCH-105,2026-01-03 17:20:55,2026-01-03 20:53:55,213,Preventive maintenance,Unplanned,2.3666666666666667,2026-01-03,2026,1,January,2026-01,True
DT-1007,MCH-120,2025-12-02 21:55:17,2025-12-03 03:09:17,314,Unknown,Planned,3.488888888888889,2025-12-02,2025,12,December,2025-12,False
DT-1008,MCH-123,2026-01-24 13:02:44,2026-01-24 20:37:44,455,Software interface issue,Planned,5.055555555555555,2026-01-24,2026,1,January,2026-01,False
DT-1009,MCH-122,2026-01-15 16:44:02,2026-01-15 21:02:02,258,Software interface issue,Planned,2.8666666666666667,2026-01-15,2026,1,January,2026-01,False
DT-1010,MCH-123,2026-02-03 04:03:19,2026-02-03 05:22:19,79,Software interface issue,Unplanned,0.8777777777777778,2026-02-03,2026,2,February,2026-02,True
DT-1011,MCH-120,2025-11-19 21:06:23,2025-11-20 04:14:23,428,Preventive maintenance,Planned,4.7555555555555555,2025-11-19,2025,11,November,2025-11,False
DT-1012,MCH-109,2025-12-08 20:29:09,2025-12-08 23:29:09,180,Sensor fault,Unplanned,2.0,2025-12-08,2025,12,December,2025-12,True
DT-1013,MCH-101,2026-04-08 20:37:18,2026-04-09 04:19:18,462,Operator error,Unplanned,5.133333333333334,2026-04-08,2026,4,April,2026-04,True
DT-1014,MCH-127,2026-04-14 13:23:26,2026-04-14 18:54:26,331,Unknown,Planned,3.6777777777777776,2026-04-14,2026,4,April,2026-04,False
DT-1015,MCH-105,2026-01-09 04:36:20,2026-01-09 08:52:20,256,Power interruption,Unplanned,2.8444444444444446,2026-01-09,2026,1,January,2026-01,True
DT-1016,MCH-111,2026-02-18 15:33:50,2026-02-18 16:34:50,61,Mechanical failure,Planned,0.6777777777777778,2026-02-18,2026,2,February,2026-02,False
DT-1017,MCH-114,2026-03-29 20:03:27,2026-03-30 01:36:27,333,Sensor fault,Unplanned,3.7,2026-03-29,2026,3,March,2026-03,True
DT-1018,MCH-104,2025-12-28 20:23:04,2025-12-29 01:10:04,287,Network disconnect,Unplanned,3.188888888888889,2025-12-28,2025,12,December,2025-12,True
DT-1019,MCH-101,2026-03-04 05:11:34,2026-03-04 08:28:34,197,Network disconnect,Unplanned,2.188888888888889,2026-03-04,2026,3,March,2026-03,True
DT-1020,MCH-101,2026-05-11 22:46:41,2026-05-12 03:03:41,257,Operator error,Unplanned,2.8555555555555556,2026-05-11,2026,5,May,2026-05,True
DT-1021,MCH-101,2026-04-23 10:24:15,2026-04-23 17:21:15,417,Software interface issue,Unplanned,4.633333333333334,2026-04-23,2026,4,April,2026-04,True
DT-1022,MCH-128,2026-02-14 05:35:51,2026-02-14 13:17:51,462,Network disconnect,Unplanned,5.133333333333334,2026-02-14,2026,2,February,2026-02,True
DT-1023,MCH-105,2026-01-29 03:13:20,2026-01-29 06:01:20,168,Preventive maintenance,Planned,1.8666666666666667,2026-01-29,2026,1,January,2026-01,False
DT-1024,MCH-123,2026-01-10 09:23:22,2026-01-10 15:09:22,346,Preventive maintenance,Planned,3.8444444444444446,2026-01-10,2026,1,January,2026-01,False
DT-1025,MCH-121,2026-01-13 01:49:16,2026-01-13 06:15:16,266,Unknown,Planned,2.9555555555555557,2026-01-13,2026,1,January,2026-01,False
DT-1026,MCH-116,2026-01-27 03:06:58,2026-01-27 05:31:58,145,Sensor fault,Unplanned,1.6111111111111112,2026-01-27,2026,1,January,2026-01,True
DT-1027,MCH-127,2025-12-25 22:38:53,2025-12-26 02:19:53,221,Mechanical failure,Unplanned,2.4555555555555557,2025-12-25,2025,12,December,2025-12,True
DT-1028,MCH-129,2025-12-05 04:44:01,2025-12-05 05:01:01,17,Network disconnect,Unplanned,0.18888888888888888,2025-12-05,2025,12,December,2025-12,True
DT-1029,MCH-109,2026-04-09 08:12:58,2026-04-09 09:02:58,50,Network disconnect,Unplanned,0.5555555555555556,2026-04-09,2026,4,April,2026-04,True
DT-1030,MCH-105,2026-01-30 19:12:05,2026-01-30 23:28:05,256,Power interruption,Planned,2.8444444444444446,2026-01-30,2026,1,January,2026-01,False
DT-1031,MCH-115,2026-03-09 07:32:14,2026-03-09 11:03:14,211,Sensor fault,Unplanned,2.3444444444444446,2026-03-09,2026,3,March,2026-03,True
DT-1032,MCH-107,2026-03-15 17:05:11,2026-03-15 20:36:11,211,Unknown,Planned,2.3444444444444446,2026-03-15,2026,3,March,2026-03,False
DT-1033,MCH-109,2026-02-13 19:23:17,2026-02-13 22:56:17,213,Software interface issue,Planned,2.3666666666666667,2026-02-13,2026,2,February,2026-02,False
DT-1034,MCH-121,2026-03-23 03:56:56,2026-03-23 09:48:56,352,Operator error,Planned,3.911111111111111,2026-03-23,2026,3,March,2026-03,False
DT-1035,MCH-105,2026-01-13 14:40:56,2026-01-13 15:38:56,58,Operator error,Planned,0.6444444444444445,2026-01-13,2026,1,January,2026-01,False
DT-1036,MCH-113,2026-02-22 14:58:05,2026-02-22 17:36:05,158,Unknown,Planned,1.7555555555555555,2026-02-22,2026,2,February,2026-02,False
DT-1037,MCH-103,2026-02-08 02:16:02,2026-02-08 08:04:02,348,Network disconnect,Planned,3.8666666666666667,2026-02-08,2026,2,February,2026-02,False
DT-1038,MCH-125,2026-04-13 05:35:55,2026-04-13 11:09:55,334,Sensor fault,Unplanned,3.7111111111111112,2026-04-13,2026,4,April,2026-04,True
DT-1039,MCH-109,2026-02-25 12:37:48,2026-02-25 15:16:48,159,Operator error,Planned,1.7666666666666666,2026-02-25,2026,2,February,2026-02,False
DT-1040,MCH-105,2025-12-15 10:25:19,2025-12-15 17:30:19,425,Mechanical failure,Unplanned,4.722222222222222,2025-12-15,2025,12,December,2025-12,True
DT-1041,MCH-127,2026-03-23 10:31:44,2026-03-23 13:46:44,195,Unknown,Planned,2.1666666666666665,2026-03-23,2026,3,March,2026-03,False
DT-1042,MCH-120,2026-03-27 11:50:03,2026-03-27 19:02:03,432,Preventive maintenance,Unplanned,4.8,2026-03-27,2026,3,March,2026-03,True
DT-1043,MCH-130,2026-01-05 09:01:38,2026-01-05 11:50:38,169,Operator error,Planned,1.8777777777777778,2026-01-05,2026,1,January,2026-01,False
DT-1044,MCH-125,2026-03-31 18:49:15,2026-03-31 19:43:15,54,Unknown,Unplanned,0.6,2026-03-31,2026,3,March,2026-03,True
DT-1045,MCH-104,2025-11-25 05:21:38,2025-11-25 11:30:38,369,Power interruption,Planned,4.1,2025-11-25,2025,11,November,2025-11,False
DT-1046,MCH-130,2026-03-08 21:15:44,2026-03-09 02:10:44,295,Unknown,Unplanned,3.2777777777777777,2026-03-08,2026,3,March,2026-03,True
DT-1047,MCH-119,2026-01-11 06:28:13,2026-01-11 08:25:13,117,Network disconnect,Unplanned,1.3,2026-01-11,2026,1,January,2026-01,True
DT-1048,MCH-115,2025-12-17 06:04:15,2025-12-17 14:01:15,477,Power interruption,Planned,5.3,2025-12-17,2025,12,December,2025-12,False
DT-1049,MCH-129,2025-12-11 02:19:36,2025-12-11 06:39:36,260,Operator error,Unplanned,2.888888888888889,2025-12-11,2025,12,December,2025-12,True
DT-1050,MCH-119,2026-03-19 19:02:39,2026-03-19 23:14:39,252,Operator error,Planned,2.8,2026-03-19,2026,3,March,2026-03,False
DT-1051,MCH-113,2026-03-03 11:35:44,2026-03-03 13:56:44,141,Software interface issue,Planned,1.5666666666666667,2026-03-03,2026,3,March,2026-03,False
DT-1052,MCH-105,2026-04-24 19:34:38,2026-04-24 22:51:38,197,Power interruption,Unplanned,2.188888888888889,2026-04-24,2026,4,April,2026-04,True
DT-1053,MCH-115,2026-03-21 09:31:42,2026-03-21 17:16:42,465,Sensor fault,Planned,5.166666666666667,2026-03-21,2026,3,March,2026-03,False
DT-1054,MCH-113,2026-01-21 21:41:09,2026-01-22 03:00:09,319,Mechanical failure,Unplanned,3.5444444444444443,2026-01-21,2026,1,January,2026-01,True
DT-1055,MCH-126,2026-04-10 17:51:34,2026-04-10 23:00:34,309,Mechanical failure,Planned,3.433333333333333,2026-04-10,2026,4,April,2026-04,False
DT-1056,MCH-115,2026-04-12 06:16:12,2026-04-12 11:21:12,305,Power interruption,Planned,3.388888888888889,2026-04-12,2026,4,April,2026-04,False
DT-1057,MCH-108,2026-05-18 01:38:18,2026-05-18 06:15:18,277,Network disconnect,Planned,3.077777777777778,2026-05-18,2026,5,May,2026-05,False
DT-1058,MCH-110,2025-12-13 03:56:28,2025-12-13 09:44:28,348,Software interface issue,Planned,3.8666666666666667,2025-12-13,2025,12,December,2025-12,False
DT-1059,MCH-120,2025-11-23 05:25:00,2025-11-23 08:27:00,182,Power interruption,Planned,2.022222222222222,2025-11-23,2025,11,November,2025-11,False
DT-1060,MCH-111,2026-01-01 14:26:36,2026-01-01 20:37:36,371,Operator error,Planned,4.122222222222222,2026-01-01,2026,1,January,2026-01,False
DT-1061,MCH-111,2026-04-20 05:18:20,2026-04-20 07:33:20,135,Mechanical failure,Unplanned,1.5,2026-04-20,2026,4,April,2026-04,True
DT-1062,MCH-116,2025-11-30 10:56:41,2025-11-30 15:28:41,272,Software interface issue,Unplanned,3.022222222222222,2025-11-30,2025,11,November,2025-11,True
DT-1063,MCH-104,2026-03-13 20:52:52,2026-03-14 03:08:52,376,Software interface issue,Planned,4.177777777777778,2026-03-13,2026,3,March,2026-03,False
DT-1064,MCH-110,2026-01-28 03:22:20,2026-01-28 07:35:20,253,Operator error,Unplanned,2.811111111111111,2026-01-28,2026,1,January,2026-01,True
DT-1065,MCH-121,2026-01-16 10:43:58,2026-01-16 16:59:58,376,Operator error,Planned,4.177777777777778,2026-01-16,2026,1,January,2026-01,False
DT-1066,MCH-113,2026-03-04 05:54:19,2026-03-04 13:03:19,429,Operator error,Unplanned,4.766666666666667,2026-03-04,2026,3,March,2026-03,True
DT-1067,MCH-117,2025-12-06 12:51:56,2025-12-06 16:52:56,241,Unknown,Planned,2.6777777777777776,2025-12-06,2025,12,December,2025-12,False
DT-1068,MCH-119,2025-12-04 23:39:08,2025-12-05 05:05:08,326,Software interface issue,Planned,3.6222222222222222,2025-12-04,2025,12,December,2025-12,False
DT-1069,MCH-124,2026-03-31 10:49:25,2026-03-31 15:45:25,296,Sensor fault,Planned,3.2888888888888888,2026-03-31,2026,3,March,2026-03,False
DT-1070,MCH-110,2026-01-04 21:23:59,2026-01-05 00:45:59,202,Software interface issue,Planned,2.2444444444444445,2026-01-04,2026,1,January,2026-01,False
DT-1071,MCH-118,2026-01-08 20:48:50,2026-01-09 02:54:50,366,Unknown,Planned,4.066666666666666,2026-01-08,2026,1,January,2026-01,False
DT-1072,MCH-101,2026-03-24 09:22:12,2026-03-24 16:29:12,427,Unknown,Unplanned,4.7444444444444445,2026-03-24,2026,3,March,2026-03,True
DT-1073,MCH-130,2026-02-11 17:13:21,2026-02-12 00:31:21,438,Network disconnect,Unplanned,4.866666666666666,2026-02-11,2026,2,February,2026-02,True
DT-1074,MCH-111,2026-02-04 04:09:55,2026-02-04 10:36:55,387,Software interface issue,Planned,4.3,2026-02-04,2026,2,February,2026-02,False
DT-1075,MCH-114,2025-12-27 23:52:21,2025-12-28 00:24:21,32,Unknown,Planned,0.35555555555555557,2025-12-27,2025,12,December,2025-12,False
DT-1076,MCH-110,2026-03-15 14:30:09,2026-03-15 17:39:09,189,Software interface issue,Unplanned,2.1,2026-03-15,2026,3,March,2026-03,True
DT-1077,MCH-114,2026-04-26 23:56:09,2026-04-27 07:14:09,438,Preventive maintenance,Planned,4.866666666666666,2026-04-26,2026,4,April,2026-04,False
DT-1078,MCH-101,2025-11-19 00:03:34,2025-11-19 07:09:34,426,Network disconnect,Planned,4.733333333333333,2025-11-19,2025,11,November,2025-11,False
DT-1079,MCH-113,2026-03-14 01:00:49,2026-03-14 05:07:49,247,Network disconnect,Planned,2.7444444444444445,2026-03-14,2026,3,March,2026-03,False
DT-1080,MCH-112,2026-03-27 08:11:56,2026-03-27 15:12:56,421,Sensor fault,Unplanned,4.677777777777778,2026-03-27,2026,3,March,2026-03,True
DT-1081,MCH-112,2026-04-26 10:55:15,2026-04-26 18:18:15,443,Sensor fault,Unplanned,4.9222222222222225,2026-04-26,2026,4,April,2026-04,True
DT-1082,MCH-127,2026-04-05 11:01:13,2026-04-05 18:05:13,424,Mechanical failure,Unplanned,4.711111111111111,2026-04-05,2026,4,April,2026-04,True
DT-1083,MCH-119,2026-01-06 18:37:24,2026-01-07 01:34:24,417,Preventive maintenance,Planned,4.633333333333334,2026-01-06,2026,1,January,2026-01,False
DT-1084,MCH-113,2026-05-01 18:49:48,2026-05-02 01:08:48,379,Unknown,Unplanned,4.211111111111111,2026-05-01,2026,5,May,2026-05,True
DT-1085,MCH-101,2026-03-12 10:11:20,2026-03-12 14:53:20,282,Unknown,Planned,3.1333333333333333,2026-03-12,2026,3,March,2026-03,False
DT-1086,MCH-110,2026-02-20 07:32:31,2026-02-20 12:36:31,304,Network disconnect,Unplanned,3.3777777777777778,2026-02-20,2026,2,February,2026-02,True
DT-1087,MCH-110,2026-03-18 17:40:21,2026-03-18 18:33:21,53,Power interruption,Planned,0.5888888888888889,2026-03-18,2026,3,March,2026-03,False
DT-1088,MCH-116,2026-03-07 19:18:07,2026-03-07 23:08:07,230,Power interruption,Unplanned,2.5555555555555554,2026-03-07,2026,3,March,2026-03,True
DT-1089,MCH-101,2026-01-25 19:45:36,2026-01-26 03:10:36,445,Mechanical failure,Planned,4.944444444444445,2026-01-25,2026,1,January,2026-01,False
DT-1090,MCH-104,2026-05-14 02:04:52,2026-05-14 08:36:52,392,Mechanical failure,Unplanned,4.355555555555555,2026-05-14,2026,5,May,2026-05,True
DT-1091,MCH-115,2026-01-21 11:41:06,2026-01-21 16:33:06,292,Power interruption,Unplanned,3.2444444444444445,2026-01-21,2026,1,January,2026-01,True
DT-1092,MCH-103,2026-01-23 15:34:58,2026-01-23 22:45:58,431,Sensor fault,Unplanned,4.788888888888889,2026-01-23,2026,1,January,2026-01,True
DT-1093,MCH-109,2026-03-21 17:23:37,2026-03-21 22:38:37,315,Unknown,Unplanned,3.5,2026-03-21,2026,3,March,2026-03,True
DT-1094,MCH-124,2026-05-05 20:14:11,2026-05-06 03:08:11,414,Power interruption,Planned,4.6,2026-05-05,2026,5,May,2026-05,False
DT-1095,MCH-102,2026-02-05 18:36:39,2026-02-05 23:06:39,270,Operator error,Unplanned,3.0,2026-02-05,2026,2,February,2026-02,True
DT-1096,MCH-110,2026-01-15 12:50:22,2026-01-15 14:00:22,70,Network disconnect,Planned,0.7777777777777778,2026-01-15,2026,1,January,2026-01,False
DT-1097,MCH-122,2026-04-22 10:05:05,2026-04-22 12:28:05,143,Software interface issue,Unplanned,1.5888888888888888,2026-04-22,2026,4,April,2026-04,True
DT-1098,MCH-113,2026-04-03 16:38:53,2026-04-04 00:00:53,442,Software interface issue,Planned,4.911111111111111,2026-04-03,2026,4,April,2026-04,False
DT-1099,MCH-116,2026-02-23 22:23:20,2026-02-24 01:35:20,192,Unknown,Planned,2.1333333333333333,2026-02-23,2026,2,February,2026-02,False
DT-1100,MCH-129,2026-01-02 19:56:47,2026-01-03 02:06:47,370,Software interface issue,Unplanned,4.111111111111111,2026-01-02,2026,1,January,2026-01,True
DT-1101,MCH-102,2025-12-09 17:40:49,2025-12-10 00:57:49,437,Software interface issue,Planned,4.855555555555555,2025-12-09,2025,12,December,2025-12,False
DT-1102,MCH-116,2026-02-24 07:47:40,2026-02-24 12:27:40,280,Power interruption,Unplanned,3.111111111111111,2026-02-24,2026,2,February,2026-02,True
DT-1103,MCH-127,2025-11-20 10:13:26,2025-11-20 14:46:26,273,Sensor fault,Planned,3.033333333333333,2025-11-20,2025,11,November,2025-11,False
DT-1104,MCH-105,2026-03-06 05:55:42,2026-03-06 06:35:42,40,Power interruption,Unplanned,0.4444444444444444,2026-03-06,2026,3,March,2026-03,True
DT-1105,MCH-114,2026-04-09 19:00:33,2026-04-09 20:05:33,65,Software interface issue,Planned,0.7222222222222222,2026-04-09,2026,4,April,2026-04,False
DT-1106,MCH-107,2026-01-07 23:26:09,2026-01-08 04:08:09,282,Operator error,Unplanned,3.1333333333333333,2026-01-07,2026,1,January,2026-01,True
DT-1107,MCH-129,2025-12-31 07:50:41,2025-12-31 09:53:41,123,Sensor fault,Planned,1.3666666666666667,2025-12-31,2025,12,December,2025-12,False
DT-1108,MCH-110,2026-03-30 15:33:36,2026-03-30 17:12:36,99,Preventive maintenance,Planned,1.1,2026-03-30,2026,3,March,2026-03,False
DT-1109,MCH-120,2026-01-18 18:13:29,2026-01-18 23:48:29,335,Operator error,Planned,3.7222222222222223,2026-01-18,2026,1,January,2026-01,False
DT-1110,MCH-108,2026-02-12 23:14:20,2026-02-13 04:44:20,330,Operator error,Planned,3.6666666666666665,2026-02-12,2026,2,February,2026-02,False
DT-1111,MCH-129,2026-04-03 19:30:18,2026-04-03 22:54:18,204,Sensor fault,Planned,2.2666666666666666,2026-04-03,2026,4,April,2026-04,False
DT-1112,MCH-130,2026-03-06 07:16:23,2026-03-06 14:21:23,425,Unknown,Unplanned,4.722222222222222,2026-03-06,2026,3,March,2026-03,True
DT-1113,MCH-126,2026-04-18 06:37:36,2026-04-18 11:28:36,291,Preventive maintenance,Planned,3.2333333333333334,2026-04-18,2026,4,April,2026-04,False
DT-1114,MCH-126,2025-12-02 04:09:20,2025-12-02 04:27:20,18,Unknown,Unplanned,0.2,2025-12-02,2025,12,December,2025-12,True
DT-1115,MCH-105,2026-03-18 12:12:45,2026-03-18 16:35:45,263,Unknown,Planned,2.922222222222222,2026-03-18,2026,3,March,2026-03,False
DT-1116,MCH-124,2025-12-12 20:35:00,2025-12-13 00:36:00,241,Software interface issue,Unplanned,2.6777777777777776,2025-12-12,2025,12,December,2025-12,True
DT-1117,MCH-127,2026-04-18 21:12:37,2026-04-18 22:39:37,87,Sensor fault,Planned,0.9666666666666667,2026-04-18,2026,4,April,2026-04,False
DT-1118,MCH-120,2026-01-12 01:59:27,2026-01-12 06:49:27,290,Sensor fault,Planned,3.2222222222222223,2026-01-12,2026,1,January,2026-01,False
DT-1119,MCH-101,2026-05-13 05:23:19,2026-05-13 07:40:19,137,Software interface issue,Unplanned,1.5222222222222221,2026-05-13,2026,5,May,2026-05,True
DT-1120,MCH-103,2025-12-14 13:58:50,2025-12-14 19:59:50,361,Unknown,Planned,4.011111111111111,2025-12-14,2025,12,December,2025-12,False
DT-1121,MCH-120,2026-02-26 03:44:11,2026-02-26 06:52:11,188,Unknown,Planned,2.088888888888889,2026-02-26,2026,2,February,2026-02,False
DT-1122,MCH-119,2026-03-27 09:03:31,2026-03-27 17:03:31,480,Mechanical failure,Planned,5.333333333333333,2026-03-27,2026,3,March,2026-03,False
DT-1123,MCH-106,2025-12-06 22:53:46,2025-12-06 23:44:46,51,Operator error,Unplanned,0.5666666666666667,2025-12-06,2025,12,December,2025-12,True
DT-1124,MCH-128,2025-12-20 15:28:27,2025-12-20 18:47:27,199,Software interface issue,Unplanned,2.2111111111111112,2025-12-20,2025,12,December,2025-12,True
DT-1125,MCH-123,2026-02-18 07:48:14,2026-02-18 10:52:14,184,Software interface issue,Planned,2.0444444444444443,2026-02-18,2026,2,February,2026-02,False
DT-1126,MCH-129,2026-03-23 06:09:36,2026-03-23 10:42:36,273,Mechanical failure,Unplanned,3.033333333333333,2026-03-23,2026,3,March,2026-03,True
DT-1127,MCH-122,2026-01-24 12:00:23,2026-01-24 13:43:23,103,Software interface issue,Unplanned,1.1444444444444444,2026-01-24,2026,1,January,2026-01,True
DT-1128,MCH-122,2026-03-16 21:47:12,2026-03-17 03:12:12,325,Power interruption,Planned,3.611111111111111,2026-03-16,2026,3,March,2026-03,False
DT-1129,MCH-110,2025-11-23 13:45:08,2025-11-23 20:26:08,401,Mechanical failure,Unplanned,4.455555555555556,2025-11-23,2025,11,November,2025-11,True
DT-1130,MCH-117,2025-12-08 20:38:50,2025-12-08 23:33:50,175,Unknown,Planned,1.9444444444444444,2025-12-08,2025,12,December,2025-12,False
DT-1131,MCH-122,2025-12-22 12:23:26,2025-12-22 19:14:26,411,Sensor fault,Planned,4.566666666666666,2025-12-22,2025,12,December,2025-12,False
DT-1132,MCH-108,2026-01-26 12:01:06,2026-01-26 19:55:06,474,Sensor fault,Unplanned,5.266666666666667,2026-01-26,2026,1,January,2026-01,True
DT-1133,MCH-117,2026-02-07 04:43:50,2026-02-07 10:49:50,366,Network disconnect,Planned,4.066666666666666,2026-02-07,2026,2,February,2026-02,False
DT-1134,MCH-108,2026-01-24 04:14:54,2026-01-24 06:14:54,120,Unknown,Unplanned,1.3333333333333333,2026-01-24,2026,1,January,2026-01,True
DT-1135,MCH-105,2025-12-12 06:40:02,2025-12-12 12:47:02,367,Network disconnect,Unplanned,4.0777777777777775,2025-12-12,2025,12,December,2025-12,True
DT-1136,MCH-124,2026-02-09 11:32:12,2026-02-09 16:04:12,272,Preventive maintenance,Unplanned,3.022222222222222,2026-02-09,2026,2,February,2026-02,True
DT-1137,MCH-117,2025-12-11 08:00:48,2025-12-11 15:44:48,464,Operator error,Planned,5.155555555555556,2025-12-11,2025,12,December,2025-12,False
DT-1138,MCH-109,2026-01-31 20:20:03,2026-02-01 00:37:03,257,Preventive maintenance,Planned,2.8555555555555556,2026-01-31,2026,1,January,2026-01,False
DT-1139,MCH-118,2026-02-20 15:01:19,2026-02-20 19:52:19,291,Mechanical failure,Planned,3.2333333333333334,2026-02-20,2026,2,February,2026-02,False
DT-1140,MCH-102,2026-01-16 11:22:14,2026-01-16 18:15:14,413,Software interface issue,Planned,4.588888888888889,2026-01-16,2026,1,January,2026-01,False
DT-1141,MCH-114,2026-04-11 08:43:40,2026-04-11 10:50:40,127,Software interface issue,Unplanned,1.4111111111111112,2026-04-11,2026,4,April,2026-04,True
DT-1142,MCH-121,2026-03-26 00:32:37,2026-03-26 05:27:37,295,Operator error,Unplanned,3.2777777777777777,2026-03-26,2026,3,March,2026-03,True
DT-1143,MCH-128,2026-05-03 22:55:37,2026-05-04 02:26:37,211,Power interruption,Unplanned,2.3444444444444446,2026-05-03,2026,5,May,2026-05,True
DT-1144,MCH-123,2026-04-15 22:58:49,2026-04-15 23:27:49,29,Operator error,Unplanned,0.32222222222222224,2026-04-15,2026,4,April,2026-04,True
DT-1145,MCH-119,2025-12-24 21:56:06,2025-12-24 22:23:06,27,Mechanical failure,Unplanned,0.3,2025-12-24,2025,12,December,2025-12,True
DT-1146,MCH-119,2026-03-05 12:48:25,2026-03-05 17:43:25,295,Power interruption,Planned,3.2777777777777777,2026-03-05,2026,3,March,2026-03,False
DT-1147,MCH-107,2026-02-19 07:03:09,2026-02-19 08:18:09,75,Software interface issue,Unplanned,0.8333333333333334,2026-02-19,2026,2,February,2026-02,True
DT-1148,MCH-114,2026-04-16 08:30:38,2026-04-16 12:24:38,234,Network disconnect,Planned,2.6,2026-04-16,2026,4,April,2026-04,False
DT-1149,MCH-115,2026-01-02 21:03:12,2026-01-03 00:38:12,215,Power interruption,Unplanned,2.388888888888889,2026-01-02,2026,1,January,2026-01,True
DT-1150,MCH-109,2026-01-25 01:52:07,2026-01-25 03:21:07,89,Sensor fault,Planned,0.9888888888888889,2026-01-25,2026,1,January,2026-01,False
DT-1151,MCH-130,2026-03-26 19:19:44,2026-03-26 23:06:44,227,Power interruption,Planned,2.522222222222222,2026-03-26,2026,3,March,2026-03,False
DT-1152,MCH-114,2026-01-04 00:04:32,2026-01-04 07:23:32,439,Mechanical failure,Unplanned,4.877777777777778,2026-01-04,2026,1,January,2026-01,True
DT-1153,MCH-108,2026-03-13 08:03:57,2026-03-13 15:49:57,466,Software interface issue,Planned,5.177777777777778,2026-03-13,2026,3,March,2026-03,False
DT-1154,MCH-129,2026-01-05 07:09:09,2026-01-05 15:01:09,472,Operator error,Planned,5.2444444444444445,2026-01-05,2026,1,January,2026-01,False
DT-1155,MCH-105,2026-03-04 14:24:41,2026-03-04 15:31:41,67,Sensor fault,Unplanned,0.7444444444444445,2026-03-04,2026,3,March,2026-03,True
DT-1156,MCH-114,2026-03-17 20:34:36,2026-03-17 22:45:36,131,Sensor fault,Planned,1.4555555555555555,2026-03-17,2026,3,March,2026-03,False
DT-1157,MCH-115,2026-04-30 04:31:26,2026-04-30 09:09:26,278,Unknown,Unplanned,3.088888888888889,2026-04-30,2026,4,April,2026-04,True
DT-1158,MCH-130,2026-02-12 11:24:46,2026-02-12 16:59:46,335,Software interface issue,Planned,3.7222222222222223,2026-02-12,2026,2,February,2026-02,False
DT-1159,MCH-106,2026-01-15 09:14:00,2026-01-15 16:10:00,416,Network disconnect,Planned,4.622222222222222,2026-01-15,2026,1,January,2026-01,False
DT-1160,MCH-117,2026-01-01 02:40:27,2026-01-01 07:33:27,293,Sensor fault,Planned,3.2555555555555555,2026-01-01,2026,1,January,2026-01,False
DT-1161,MCH-117,2026-01-21 14:00:26,2026-01-21 17:22:26,202,Power interruption,Unplanned,2.2444444444444445,2026-01-21,2026,1,January,2026-01,True
DT-1162,MCH-114,2026-04-26 16:50:36,2026-04-26 18:46:36,116,Unknown,Unplanned,1.288888888888889,2026-04-26,2026,4,April,2026-04,True
DT-1163,MCH-105,2025-12-11 17:34:50,2025-12-11 19:08:50,94,Unknown,Unplanned,1.0444444444444445,2025-12-11,2025,12,December,2025-12,True
DT-1164,MCH-114,2026-01-23 21:17:17,2026-01-24 03:05:17,348,Power interruption,Planned,3.8666666666666667,2026-01-23,2026,1,January,2026-01,False
DT-1165,MCH-105,2025-12-08 23:17:38,2025-12-09 02:50:38,213,Sensor fault,Planned,2.3666666666666667,2025-12-08,2025,12,December,2025-12,False
DT-1166,MCH-114,2026-02-01 02:05:15,2026-02-01 05:55:15,230,Unknown,Unplanned,2.5555555555555554,2026-02-01,2026,2,February,2026-02,True
DT-1167,MCH-122,2025-11-26 14:12:42,2025-11-26 18:35:42,263,Software interface issue,Planned,2.922222222222222,2025-11-26,2025,11,November,2025-11,False
DT-1168,MCH-113,2026-03-22 15:47:48,2026-03-22 21:54:48,367,Software interface issue,Planned,4.0777777777777775,2026-03-22,2026,3,March,2026-03,False
DT-1169,MCH-119,2026-04-22 09:44:28,2026-04-22 11:48:28,124,Operator error,Planned,1.3777777777777778,2026-04-22,2026,4,April,2026-04,False
DT-1170,MCH-110,2026-04-29 06:23:44,2026-04-29 11:22:44,299,Operator error,Unplanned,3.3222222222222224,2026-04-29,2026,4,April,2026-04,True
DT-1171,MCH-124,2025-11-20 04:22:24,2025-11-20 06:21:24,119,Preventive maintenance,Planned,1.3222222222222222,2025-11-20,2025,11,November,2025-11,False
DT-1172,MCH-123,2025-11-25 06:40:02,2025-11-25 10:21:02,221,Software interface issue,Planned,2.4555555555555557,2025-11-25,2025,11,November,2025-11,False
DT-1173,MCH-103,2026-05-18 16:49:05,2026-05-18 17:27:05,38,Preventive maintenance,Unplanned,0.4222222222222222,2026-05-18,2026,5,May,2026-05,True
DT-1174,MCH-103,2026-04-29 21:49:43,2026-04-29 22:25:43,36,Sensor fault,Planned,0.4,2026-04-29,2026,4,April,2026-04,False
DT-1175,MCH-125,2026-03-11 02:27:01,2026-03-11 08:13:01,346,Mechanical failure,Planned,3.8444444444444446,2026-03-11,2026,3,March,2026-03,False
DT-1176,MCH-128,2026-04-02 09:02:07,2026-04-02 10:44:07,102,Unknown,Unplanned,1.1333333333333333,2026-04-02,2026,4,April,2026-04,True
DT-1177,MCH-124,2026-02-02 11:38:09,2026-02-02 13:23:09,105,Mechanical failure,Unplanned,1.1666666666666667,2026-02-02,2026,2,February,2026-02,True
DT-1178,MCH-103,2026-03-13 02:35:45,2026-03-13 04:29:45,114,Power interruption,Unplanned,1.2666666666666666,2026-03-13,2026,3,March,2026-03,True
DT-1179,MCH-111,2025-12-06 19:12:44,2025-12-06 21:52:44,160,Power interruption,Unplanned,1.7777777777777777,2025-12-06,2025,12,December,2025-12,True
DT-1180,MCH-111,2026-02-10 01:01:47,2026-02-10 04:20:47,199,Software interface issue,Unplanned,2.2111111111111112,2026-02-10,2026,2,February,2026-02,True
DT-1181,MCH-103,2026-05-10 00:11:42,2026-05-10 03:14:42,183,Network disconnect,Unplanned,2.033333333333333,2026-05-10,2026,5,May,2026-05,True
DT-1182,MCH-106,2026-05-19 05:41:33,2026-05-19 08:30:33,169,Mechanical failure,Planned,1.8777777777777778,2026-05-19,2026,5,May,2026-05,False
DT-1183,MCH-126,2026-01-14 21:31:14,2026-01-15 04:15:14,404,Mechanical failure,Unplanned,4.488888888888889,2026-01-14,2026,1,January,2026-01,True
DT-1184,MCH-114,2025-12-02 17:22:16,2025-12-03 00:21:16,419,Power interruption,Planned,4.655555555555556,2025-12-02,2025,12,December,2025-12,False
DT-1185,MCH-127,2026-01-20 02:44:30,2026-01-20 04:10:30,86,Operator error,Unplanned,0.9555555555555556,2026-01-20,2026,1,January,2026-01,True
DT-1186,MCH-114,2025-11-18 20:53:57,2025-11-18 23:57:57,184,Sensor fault,Planned,2.0444444444444443,2025-11-18,2025,11,November,2025-11,False
DT-1187,MCH-103,2026-05-06 12:25:54,2026-05-06 13:56:54,91,Network disconnect,Planned,1.011111111111111,2026-05-06,2026,5,May,2026-05,False
DT-1188,MCH-112,2026-05-15 01:25:18,2026-05-15 05:21:18,236,Preventive maintenance,Planned,2.6222222222222222,2026-05-15,2026,5,May,2026-05,False
DT-1189,MCH-123,2026-03-20 08:13:09,2026-03-20 11:34:09,201,Sensor fault,Unplanned,2.2333333333333334,2026-03-20,2026,3,March,2026-03,True
DT-1190,MCH-114,2025-12-17 22:26:47,2025-12-18 02:59:47,273,Operator error,Unplanned,3.033333333333333,2025-12-17,2025,12,December,2025-12,True
DT-1191,MCH-121,2026-02-26 08:37:42,2026-02-26 10:55:42,138,Software interface issue,Unplanned,1.5333333333333334,2026-02-26,2026,2,February,2026-02,True
DT-1192,MCH-116,2026-03-28 14:24:18,2026-03-28 18:07:18,223,Mechanical failure,Unplanned,2.477777777777778,2026-03-28,2026,3,March,2026-03,True
DT-1193,MCH-113,2026-02-04 15:28:04,2026-02-04 17:07:04,99,Unknown,Unplanned,1.1,2026-02-04,2026,2,February,2026-02,True
DT-1194,MCH-128,2026-04-23 15:30:00,2026-04-23 21:40:00,370,Operator error,Unplanned,4.111111111111111,2026-04-23,2026,4,April,2026-04,True
DT-1195,MCH-101,2026-01-08 06:44:25,2026-01-08 12:02:25,318,Power interruption,Unplanned,3.533333333333333,2026-01-08,2026,1,January,2026-01,True
DT-1196,MCH-109,2026-04-28 12:09:04,2026-04-28 13:38:04,89,Software interface issue,Unplanned,0.9888888888888889,2026-04-28,2026,4,April,2026-04,True
DT-1197,MCH-123,2026-04-29 03:55:04,2026-04-29 07:36:04,221,Power interruption,Unplanned,2.4555555555555557,2026-04-29,2026,4,April,2026-04,True
DT-1198,MCH-119,2026-01-31 02:39:56,2026-01-31 05:37:56,178,Unknown,Unplanned,1.9777777777777779,2026-01-31,2026,1,January,2026-01,True
DT-1199,MCH-104,2026-01-02 12:24:24,2026-01-02 18:53:24,389,Operator error,Unplanned,4.322222222222222,2026-01-02,2026,1,January,2026-01,True
DT-1200,MCH-120,2026-01-31 14:42:35,2026-01-31 21:50:35,428,Network disconnect,Unplanned,4.7555555555555555,2026-01-31,2026,1,January,2026-01,True
DT-1201,MCH-129,2025-12-06 23:50:46,2025-12-07 00:19:46,29,Operator error,Planned,0.32222222222222224,2025-12-06,2025,12,December,2025-12,False
DT-1202,MCH-104,2026-04-14 03:10:11,2026-04-14 07:48:11,278,Sensor fault,Unplanned,3.088888888888889,2026-04-14,2026,4,April,2026-04,True
DT-1203,MCH-113,2025-11-21 18:46:28,2025-11-21 22:17:28,211,Software interface issue,Planned,2.3444444444444446,2025-11-21,2025,11,November,2025-11,False
DT-1204,MCH-105,2025-12-28 18:02:08,2025-12-28 21:23:08,201,Operator error,Unplanned,2.2333333333333334,2025-12-28,2025,12,December,2025-12,True
DT-1205,MCH-116,2026-04-02 12:04:30,2026-04-02 12:21:30,17,Operator error,Unplanned,0.18888888888888888,2026-04-02,2026,4,April,2026-04,True
DT-1206,MCH-112,2025-11-25 12:32:22,2025-11-25 15:49:22,197,Mechanical failure,Unplanned,2.188888888888889,2025-11-25,2025,11,November,2025-11,True
DT-1207,MCH-112,2026-01-08 00:26:56,2026-01-08 06:03:56,337,Preventive maintenance,Unplanned,3.7444444444444445,2026-01-08,2026,1,January,2026-01,True
DT-1208,MCH-119,2025-11-28 23:24:49,2025-11-28 23:45:49,21,Software interface issue,Planned,0.23333333333333334,2025-11-28,2025,11,November,2025-11,False
DT-1209,MCH-130,2026-04-05 07:57:36,2026-04-05 12:08:36,251,Sensor fault,Planned,2.7888888888888888,2026-04-05,2026,4,April,2026-04,False
DT-1210,MCH-112,2026-04-05 02:10:22,2026-04-05 10:08:22,478,Mechanical failure,Unplanned,5.311111111111111,2026-04-05,2026,4,April,2026-04,True
DT-1211,MCH-124,2025-12-31 09:42:33,2025-12-31 13:36:33,234,Operator error,Planned,2.6,2025-12-31,2025,12,December,2025-12,False
DT-1212,MCH-106,2026-02-01 03:34:59,2026-02-01 04:55:59,81,Sensor fault,Unplanned,0.9,2026-02-01,2026,2,February,2026-02,True
DT-1213,MCH-102,2025-12-13 09:03:27,2025-12-13 12:59:27,236,Software interface issue,Unplanned,2.6222222222222222,2025-12-13,2025,12,December,2025-12,True
DT-1214,MCH-126,2026-01-12 13:18:53,2026-01-12 16:55:53,217,Unknown,Planned,2.411111111111111,2026-01-12,2026,1,January,2026-01,False
DT-1215,MCH-124,2026-05-02 14:15:51,2026-05-02 21:26:51,431,Network disconnect,Unplanned,4.788888888888889,2026-05-02,2026,5,May,2026-05,True
DT-1216,MCH-112,2026-04-11 05:54:17,2026-04-11 08:42:17,168,Software interface issue,Planned,1.8666666666666667,2026-04-11,2026,4,April,2026-04,False
DT-1217,MCH-118,2026-03-23 09:33:37,2026-03-23 15:04:37,331,Power interruption,Unplanned,3.6777777777777776,2026-03-23,2026,3,March,2026-03,True
DT-1218,MCH-128,2026-01-15 15:36:42,2026-01-15 18:08:42,152,Software interface issue,Unplanned,1.6888888888888889,2026-01-15,2026,1,January,2026-01,True
DT-1219,MCH-119,2026-03-08 07:45:28,2026-03-08 10:03:28,138,Power interruption,Planned,1.5333333333333334,2026-03-08,2026,3,March,2026-03,False
DT-1220,MCH-122,2026-04-06 03:24:05,2026-04-06 07:30:05,246,Software interface issue,Unplanned,2.7333333333333334,2026-04-06,2026,4,April,2026-04,True
DT-1221,MCH-103,2026-01-31 14:18:29,2026-01-31 20:56:29,398,Power interruption,Planned,4.4222222222222225,2026-01-31,2026,1,January,2026-01,False
DT-1222,MCH-119,2026-01-02 18:07:06,2026-01-03 01:16:06,429,Software interface issue,Unplanned,4.766666666666667,2026-01-02,2026,1,January,2026-01,True
DT-1223,MCH-115,2026-05-18 07:25:48,2026-05-18 13:20:48,355,Sensor fault,Planned,3.9444444444444446,2026-05-18,2026,5,May,2026-05,False
DT-1224,MCH-120,2026-02-16 06:49:30,2026-02-16 07:44:30,55,Sensor fault,Unplanned,0.6111111111111112,2026-02-16,2026,2,February,2026-02,True
DT-1225,MCH-101,2026-03-29 02:06:36,2026-03-29 05:01:36,175,Preventive maintenance,Unplanned,1.9444444444444444,2026-03-29,2026,3,March,2026-03,True
DT-1226,MCH-114,2026-01-13 18:25:58,2026-01-13 22:39:58,254,Operator error,Unplanned,2.8222222222222224,2026-01-13,2026,1,January,2026-01,True
DT-1227,MCH-127,2026-03-22 02:36:47,2026-03-22 09:28:47,412,Network disconnect,Planned,4.5777777777777775,2026-03-22,2026,3,March,2026-03,False
DT-1228,MCH-114,2026-03-01 09:13:41,2026-03-01 13:06:41,233,Power interruption,Unplanned,2.588888888888889,2026-03-01,2026,3,March,2026-03,True
DT-1229,MCH-123,2026-02-08 15:43:28,2026-02-08 16:17:28,34,Sensor fault,Unplanned,0.37777777777777777,2026-02-08,2026,2,February,2026-02,True
DT-1230,MCH-123,2025-12-12 10:43:30,2025-12-12 14:35:30,232,Operator error,Planned,2.577777777777778,2025-12-12,2025,12,December,2025-12,False
DT-1231,MCH-101,2025-11-19 11:29:43,2025-11-19 18:52:43,443,Sensor fault,Planned,4.9222222222222225,2025-11-19,2025,11,November,2025-11,False
DT-1232,MCH-109,2026-05-02 00:55:07,2026-05-02 05:19:07,264,Sensor fault,Unplanned,2.933333333333333,2026-05-02,2026,5,May,2026-05,True
DT-1233,MCH-126,2025-12-01 18:52:39,2025-12-02 01:00:39,368,Power interruption,Unplanned,4.088888888888889,2025-12-01,2025,12,December,2025-12,True
DT-1234,MCH-130,2026-04-14 23:21:48,2026-04-15 05:42:48,381,Network disconnect,Planned,4.233333333333333,2026-04-14,2026,4,April,2026-04,False
DT-1235,MCH-112,2026-03-09 06:15:02,2026-03-09 11:59:02,344,Mechanical failure,Unplanned,3.8222222222222224,2026-03-09,2026,3,March,2026-03,True
DT-1236,MCH-111,2025-12-14 01:00:28,2025-12-14 03:25:28,145,Operator error,Unplanned,1.6111111111111112,2025-12-14,2025,12,December,2025-12,True
DT-1237,MCH-105,2025-12-18 18:16:19,2025-12-19 00:10:19,354,Power interruption,Unplanned,3.933333333333333,2025-12-18,2025,12,December,2025-12,True
DT-1238,MCH-105,2026-03-07 05:46:14,2026-03-07 08:20:14,154,Unknown,Unplanned,1.711111111111111,2026-03-07,2026,3,March,2026-03,True
DT-1239,MCH-119,2025-11-24 00:10:21,2025-11-24 07:49:21,459,Unknown,Planned,5.1,2025-11-24,2025,11,November,2025-11,False
DT-1240,MCH-126,2026-03-04 13:03:12,2026-03-04 17:17:12,254,Sensor fault,Unplanned,2.8222222222222224,2026-03-04,2026,3,March,2026-03,True
DT-1241,MCH-127,2026-04-29 11:25:55,2026-04-29 11:49:55,24,Operator error,Unplanned,0.26666666666666666,2026-04-29,2026,4,April,2026-04,True
DT-1242,MCH-111,2026-01-11 07:40:25,2026-01-11 10:07:25,147,Mechanical failure,Unplanned,1.6333333333333333,2026-01-11,2026,1,January,2026-01,True
DT-1243,MCH-112,2026-04-11 00:14:54,2026-04-11 06:35:54,381,Power interruption,Planned,4.233333333333333,2026-04-11,2026,4,April,2026-04,False
DT-1244,MCH-109,2026-01-20 19:34:31,2026-01-20 22:01:31,147,Power interruption,Unplanned,1.6333333333333333,2026-01-20,2026,1,January,2026-01,True
DT-1245,MCH-106,2026-05-04 02:31:46,2026-05-04 08:08:46,337,Power interruption,Unplanned,3.7444444444444445,2026-05-04,2026,5,May,2026-05,True
DT-1246,MCH-112,2025-12-19 12:20:27,2025-12-19 13:38:27,78,Sensor fault,Unplanned,0.8666666666666667,2025-12-19,2025,12,December,2025-12,True
DT-1247,MCH-107,2026-02-04 03:59:56,2026-02-04 05:33:56,94,Sensor fault,Unplanned,1.0444444444444445,2026-02-04,2026,2,February,2026-02,True
DT-1248,MCH-125,2026-05-13 02:21:20,2026-05-13 03:33:20,72,Power interruption,Unplanned,0.8,2026-05-13,2026,5,May,2026-05,True
DT-1249,MCH-116,2025-11-22 04:50:27,2025-11-22 05:16:27,26,Operator error,Unplanned,0.28888888888888886,2025-11-22,2025,11,November,2025-11,True
DT-1250,MCH-101,2026-03-19 09:10:06,2026-03-19 09:40:06,30,Preventive maintenance,Planned,0.3333333333333333,2026-03-19,2026,3,March,2026-03,False
DT-1251,MCH-105,2026-05-09 20:51:32,2026-05-09 23:33:32,162,Sensor fault,Planned,1.8,2026-05-09,2026,5,May,2026-05,False
DT-1252,MCH-113,2026-04-06 03:32:11,2026-04-06 04:31:11,59,Software interface issue,Unplanned,0.6555555555555556,2026-04-06,2026,4,April,2026-04,True
DT-1253,MCH-107,2026-02-11 09:59:10,2026-02-11 11:03:10,64,Software interface issue,Unplanned,0.7111111111111111,2026-02-11,2026,2,February,2026-02,True
DT-1254,MCH-118,2025-12-09 10:36:20,2025-12-09 14:52:20,256,Network disconnect,Unplanned,2.8444444444444446,2025-12-09,2025,12,December,2025-12,True
DT-1255,MCH-107,2026-04-06 08:49:26,2026-04-06 10:03:26,74,Sensor fault,Unplanned,0.8222222222222222,2026-04-06,2026,4,April,2026-04,True
DT-1256,MCH-112,2026-02-24 12:14:52,2026-02-24 14:25:52,131,Sensor fault,Unplanned,1.4555555555555555,2026-02-24,2026,2,February,2026-02,True
DT-1257,MCH-112,2026-04-14 09:08:47,2026-04-14 15:21:47,373,Software interface issue,Unplanned,4.144444444444445,2026-04-14,2026,4,April,2026-04,True
DT-1258,MCH-120,2026-01-20 19:32:47,2026-01-21 02:33:47,421,Software interface issue,Unplanned,4.677777777777778,2026-01-20,2026,1,January,2026-01,True
DT-1259,MCH-103,2026-03-08 22:15:57,2026-03-08 22:56:57,41,Mechanical failure,Unplanned,0.45555555555555555,2026-03-08,2026,3,March,2026-03,True
DT-1260,MCH-116,2026-01-05 17:06:38,2026-01-05 18:58:38,112,Sensor fault,Unplanned,1.2444444444444445,2026-01-05,2026,1,January,2026-01,True
DT-1261,MCH-129,2026-04-17 22:39:37,2026-04-18 04:45:37,366,Power interruption,Planned,4.066666666666666,2026-04-17,2026,4,April,2026-04,False
DT-1262,MCH-125,2026-02-11 12:32:47,2026-02-11 16:05:47,213,Mechanical failure,Unplanned,2.3666666666666667,2026-02-11,2026,2,February,2026-02,True
DT-1263,MCH-126,2025-12-16 18:01:46,2025-12-16 20:32:46,151,Unknown,Planned,1.6777777777777778,2025-12-16,2025,12,December,2025-12,False
DT-1264,MCH-102,2026-02-18 15:40:17,2026-02-18 22:31:17,411,Power interruption,Planned,4.566666666666666,2026-02-18,2026,2,February,2026-02,False
DT-1265,MCH-107,2026-03-02 00:57:05,2026-03-02 06:04:05,307,Operator error,Unplanned,3.411111111111111,2026-03-02,2026,3,March,2026-03,True
DT-1266,MCH-105,2026-02-18 13:56:24,2026-02-18 19:58:24,362,Preventive maintenance,Unplanned,4.022222222222222,2026-02-18,2026,2,February,2026-02,True
DT-1267,MCH-102,2025-12-05 01:53:37,2025-12-05 07:37:37,344,Power interruption,Planned,3.8222222222222224,2025-12-05,2025,12,December,2025-12,False
DT-1268,MCH-126,2026-04-25 19:30:20,2026-04-25 20:32:20,62,Software interface issue,Planned,0.6888888888888889,2026-04-25,2026,4,April,2026-04,False
DT-1269,MCH-104,2026-04-06 13:18:39,2026-04-06 16:53:39,215,Preventive maintenance,Planned,2.388888888888889,2026-04-06,2026,4,April,2026-04,False
DT-1270,MCH-115,2026-01-01 06:00:12,2026-01-01 11:42:12,342,Unknown,Planned,3.8,2026-01-01,2026,1,January,2026-01,False
DT-1271,MCH-113,2026-04-20 05:22:34,2026-04-20 13:17:34,475,Mechanical failure,Planned,5.277777777777778,2026-04-20,2026,4,April,2026-04,False
DT-1272,MCH-126,2026-02-14 00:28:28,2026-02-14 04:47:28,259,Software interface issue,Unplanned,2.8777777777777778,2026-02-14,2026,2,February,2026-02,True
DT-1273,MCH-109,2026-04-07 10:22:12,2026-04-07 11:06:12,44,Network disconnect,Planned,0.4888888888888889,2026-04-07,2026,4,April,2026-04,False
DT-1274,MCH-105,2026-01-16 18:10:01,2026-01-17 01:16:01,426,Power interruption,Unplanned,4.733333333333333,2026-01-16,2026,1,January,2026-01,True
DT-1275,MCH-111,2026-05-18 16:59:07,2026-05-18 22:11:07,312,Software interface issue,Planned,3.466666666666667,2026-05-18,2026,5,May,2026-05,False
DT-1276,MCH-110,2026-03-27 04:01:54,2026-03-27 11:52:54,471,Mechanical failure,Planned,5.233333333333333,2026-03-27,2026,3,March,2026-03,False
DT-1277,MCH-111,2026-01-06 23:11:09,2026-01-07 00:37:09,86,Unknown,Unplanned,0.9555555555555556,2026-01-06,2026,1,January,2026-01,True
DT-1278,MCH-121,2026-04-19 19:01:05,2026-04-20 02:57:05,476,Sensor fault,Unplanned,5.288888888888889,2026-04-19,2026,4,April,2026-04,True
DT-1279,MCH-110,2026-01-03 12:27:03,2026-01-03 14:38:03,131,Operator error,Unplanned,1.4555555555555555,2026-01-03,2026,1,January,2026-01,True
DT-1280,MCH-109,2026-05-04 05:26:00,2026-05-04 08:09:00,163,Network disconnect,Unplanned,1.8111111111111111,2026-05-04,2026,5,May,2026-05,True
DT-1281,MCH-113,2025-12-17 19:39:39,2025-12-17 22:08:39,149,Software interface issue,Planned,1.6555555555555554,2025-12-17,2025,12,December,2025-12,False
DT-1282,MCH-120,2026-01-06 09:07:19,2026-01-06 14:01:19,294,Mechanical failure,Planned,3.2666666666666666,2026-01-06,2026,1,January,2026-01,False
DT-1283,MCH-103,2026-03-13 03:01:30,2026-03-13 03:49:30,48,Preventive maintenance,Unplanned,0.5333333333333333,2026-03-13,2026,3,March,2026-03,True
DT-1284,MCH-130,2025-12-18 09:17:30,2025-12-18 15:20:30,363,Sensor fault,Planned,4.033333333333333,2025-12-18,2025,12,December,2025-12,False
DT-1285,MCH-127,2026-03-30 21:15:35,2026-03-31 01:21:35,246,Power interruption,Unplanned,2.7333333333333334,2026-03-30,2026,3,March,2026-03,True
DT-1286,MCH-130,2026-04-18 09:02:24,2026-04-18 09:33:24,31,Unknown,Planned,0.34444444444444444,2026-04-18,2026,4,April,2026-04,False
DT-1287,MCH-103,2026-05-01 07:50:14,2026-05-01 14:54:14,424,Mechanical failure,Planned,4.711111111111111,2026-05-01,2026,5,May,2026-05,False
DT-1288,MCH-113,2026-01-26 05:36:49,2026-01-26 10:28:49,292,Software interface issue,Planned,3.2444444444444445,2026-01-26,2026,1,January,2026-01,False
DT-1289,MCH-114,2026-02-14 14:47:52,2026-02-14 15:20:52,33,Operator error,Unplanned,0.36666666666666664,2026-02-14,2026,2,February,2026-02,True
DT-1290,MCH-109,2026-01-03 13:36:54,2026-01-03 20:59:54,443,Software interface issue,Unplanned,4.9222222222222225,2026-01-03,2026,1,January,2026-01,True
DT-1291,MCH-119,2026-05-02 06:55:39,2026-05-02 08:00:39,65,Power interruption,Planned,0.7222222222222222,2026-05-02,2026,5,May,2026-05,False
DT-1292,MCH-124,2026-01-26 18:40:09,2026-01-26 19:15:09,35,Mechanical failure,Planned,0.3888888888888889,2026-01-26,2026,1,January,2026-01,False
DT-1293,MCH-117,2026-04-04 01:56:26,2026-04-04 04:30:26,154,Power interruption,Unplanned,1.711111111111111,2026-04-04,2026,4,April,2026-04,True
DT-1294,MCH-124,2026-04-19 08:54:30,2026-04-19 11:40:30,166,Operator error,Planned,1.8444444444444446,2026-04-19,2026,4,April,2026-04,False
DT-1295,MCH-123,2026-02-10 21:23:39,2026-02-11 01:39:39,256,Preventive maintenance,Unplanned,2.8444444444444446,2026-02-10,2026,2,February,2026-02,True
DT-1296,MCH-127,2025-11-19 18:03:02,2025-11-19 23:27:02,324,Software interface issue,Planned,3.6,2025-11-19,2025,11,November,2025-11,False
DT-1297,MCH-127,2026-04-30 20:58:43,2026-04-30 21:17:43,19,Mechanical failure,Planned,0.2111111111111111,2026-04-30,2026,4,April,2026-04,False
DT-1298,MCH-127,2025-12-24 12:55:40,2025-12-24 14:05:40,70,Network disconnect,Unplanned,0.7777777777777778,2025-12-24,2025,12,December,2025-12,True
DT-1299,MCH-111,2026-04-17 22:40:40,2026-04-18 05:07:40,387,Network disconnect,Unplanned,4.3,2026-04-17,2026,4,April,2026-04,True
DT-1300,MCH-105,2025-12-27 18:13:45,2025-12-28 01:52:45,459,Software interface issue,Unplanned,5.1,2025-12-27,2025,12,December,2025-12,True
